Q12013238	ophthalmologist
Q4175034	legislator
Q2566598	religious leader
Q16389557	philosopher
Q13156709	golfer
Q19829990	religious scholar
Q16029547	athlete
Q16611554	psychologist
Q17337766	critic
Q82955	politician
Q1792450	historian
Q10871364	baseball player
Q1662561	paleontologist
Q215536	merchant
Q186360	nurse
Q5371902	keyboardist
Q2702296	video game producer
Q12773225	slave
Q13382566	sportsperson
Q211236	celebrity
Q17351648	journalist
Q1658894	illusionist
Q1172458	muhaddith
Q18534714	athlete
Q11513337	athlete
Q16278103	sportsperson
Q11338576	boxer
Q728711	playboy playmate
Q16743941	philosopher
Q10841764	racing driver
Q169470	physicist
Q7042855	film editor
Q17488357	historian
Q4845479	fashion designer
Q9017214	martial artist
Q13365201	coach
Q23938096	radio host
Q1028181	painter
Q15973695	journalist
Q207651	executioner
Q47805	military personnel
Q11122954	poet
Q6430706	critic
Q22810659	nightclub owner
Q39018	monarch
Q219477	missionary
Q639669	musician
Q49757	poet
Q16947320	political scientist
Q2526255	film director
Q901222	educator
Q1281618	sculptor
Q644687	illustrator
Q11699606	geologist
Q520549	geologist
Q191808	religious
Q15686806	politician
Q2990669	composer
Q20198734	keyboardist
Q12859263	orator
Q3349700	navy officer
Q350979	zoologist
Q3606216	writer
Q17504989	historian
Q121998	ambassador
Q1487	computer scientist
Q1423891	religious leader
Q8142883	sociologist
Q14948222	criminal
Q17456089	film director
Q2504617	philologist
Q17093672	trumpeter
Q47064	military personnel
Q15296811	visual artist
Q19842026	surgeon
Q329439	engraver
Q13218361	sportsperson
Q15212951	film maker
Q130857	musician
Q1424605	merchant
Q846750	jockey
Q1975935	millitary personnel
Q3186699	go player
Q984276	painter
Q16254673	writer
Q3715809	duke
Q854997	bhikkhu
Q18341329	monarch
Q13388442	sportsperson
Q13474373	wrestler
Q105186	pharmacist
Q5322166	designer
Q21121588	coach
Q13382519	table tennis player
Q4459623	chemist
Q15632482	philosopher
Q11499147	activist
Q336221	artist
Q186370	troubadour
Q11124885	martial artist
Q13219424	coach
Q2032656	criminal
Q13382355	archer
Q1294787	artist
Q2259451	actor
Q21680731	composer
Q18668527	presenter
Q5716684	dancer
Q2552738	manager
Q116	monarch
Q14089670	rugby player
Q164236	reporter
Q151092	model
Q6060450	daredevil
Q381353	writer
Q16063546	historian
Q15977509	designer
Q2992505	artist
Q15883433	murderer
Q674426	curator
Q12299841	cricketer
Q2627286	outlaw
Q16831394	biologist
Q16102070	navy officer
Q20751891	martial artist
Q846430	sociologist
Q16390131	mathematician
Q2643890	singer
Q627325	graphic designer
Q13381428	athlete
Q13383011	athlete
Q20972719	engineer
Q3665646	basketball player
Q2059704	television director
Q17502714	skateboarder
Q17351861	football player
Q1781198	engineer
Q1906857	engineer
Q3178518	vedette
Q18515558	sportsperson
Q2986228	sports commentator
Q19723482	musician
Q863368	programmer
Q462390	academic
Q19902880	engineer
Q17318006	free-diver
Q12470043	racing driver
Q16145150	music educator
Q215793	composer
Q738142	clerk
Q1776724	manager
Q753110	songwriter
Q185992	religious leader
Q40779	official
Q1414443	film maker
Q1326886	engineer
Q1163330	monarch
Q16745601	physicist
Q13582652	engineer
Q1114448	comics artist
Q20870256	comics artist
Q1086863	journalist
Q17165321	snooker player
Q11063	astronomer
Q270141	polymath
Q998628	illuminator
Q48352	statesman
Q15956275	computer scientist
Q322170	activist
Q212948	activist
Q1238570	political scientist
Q497240	presenter
Q22662561	presenter
Q484188	murderer
Q38142	samurai
Q3026032	screenwriter
Q4379701	pro gamer
Q193391	diplomat
Q739437	visual artist
Q13365770	artist
Q15978337	critic
Q6625963	novelist
Q18814623	autobiographer
Q2478141	aristocrat
Q12800682	saxophonist
Q4144610	skier
Q16947657	printmaker
Q2995983	instrumentalist
Q3064032	writer
Q3510637	football manager
Q13382981	luger
Q4610556	model
Q5762300	comic artist
Q17488392	historian
Q16004431	diver
Q16004432	diver
Q16335117	physicist
Q947873	presenter
Q6665249	judoka
Q8178443	librettist
Q947305	poet
Q11085831	interpreter
Q1049296	director
Q41674	webmaster
Q189829	hermit
Q1327329	instrumentalist
Q662729	public figure
Q7579803	sports commentator
Q1937431	piano maker
Q5137576	coach
Q16031530	musicologist
Q3073738	pirate
Q13382533	martial arts
Q15982795	bodybuilder
Q16868721	biologist
Q18199024	sportsperson
Q19204627	american football player
Q23868946	sportsperson
Q5137571	coach
Q14605941	athlete
Q691031	violinist
Q3246315	coach
Q13472585	philanthropist
Q2730732	sportsperson
Q1779650	engineer
Q191633	comics artist
Q23117687	poet
Q22269196	boxer
Q3055126	zoologist
Q20900796	skater
Q957729	journalist
Q16063497	biologist
Q4270517	skier
Q3155377	religious studies
Q7622988	street artist
Q20540007	sportsperson
Q2705098	entertainer
Q18545066	comedian
Q15966504	singer
Q18930236	linguist
Q285759	broker
Q166382	politician
Q17391659	architect
Q82723	geisha
Q10350365	politician
Q2815948	architect
Q18702210	sportsperson
Q21680663	composer
Q16742203	astronomer
Q719039	consort
Q15295720	poker player
Q20198542	historian
Q16743936	philosopher
Q2519376	designer
Q125482	religious leader
Q42973	architect
Q18805	scientist
Q220098	military leader
Q1930187	journalist
Q11774202	writer
Q3640160	biologist
Q2961975	businessperson
Q19766000	popularizer of science
Q715679	inventor
Q202883	veterinarian
Q937857	football player
Q29182	priest
Q2066131	sportsperson
Q16270720	biologist
Q20650437	scientist
Q16012028	jurist
Q1572123	engineer
Q15839237	physician
Q2114605	biologist
Q273108	mercenary
Q1734662	geographer
Q9379869	teacher
Q326653	accountant
Q1075651	keyboardist
Q13382749	explorer
Q10872101	anatomist
Q728973	priest
Q838476	directeur sportif
Q15709642	snowboarder
Q683476	advisor
Q173402	miss world
Q3410028	psychologist
Q264323	entertainer
Q12328016	mystic
Q19805041	illusionist
Q10729326	pirate
Q20747124	engineer
Q3427922	restaurateur
Q477406	head of state
Q22812879	artist
Q1437754	printmaker
Q17379560	comedian
Q15634281	biologist
Q15634285	biologist
Q3519259	count
Q15319501	social scientist
Q21234378	singer
Q17307272	performance artist
Q211346	psychiatrist
Q19754019	violinist
Q10816969	disc jockey
Q1344174	agent
Q210167	game designer
Q14565331	mathematician
Q911554	businessperson
Q20726593	aviator
Q4451210	military personnel
Q1053574	producer
Q16010345	performer
Q33999	actor
Q16831721	biologist
Q1259917	violinist
Q10862983	printmaker
Q16741013	criminal
Q11986654	lobbyist
Q3922505	producer
Q6415017	cleric
Q15941595	journalist
Q5436767	fashion designer
Q12902372	instrumentalist
Q16947675	gymnast
Q9385011	physician
Q2405480	actor
Q2576499	physician
Q2306091	social scientist
Q30461	head of state
Q22122536	coach
Q805221	dancer
Q42909	journalist
Q12097	monarch
Q7458488	journalist
Q18667447	sportsperson
Q10730252	disc jockey
Q11914886	writer
Q3630699	game designer
Q15095148	painter
Q58968	philosopher
Q15839136	biologist
Q15839134	biologist
Q1685363	activist
Q3148760	botanical illustrator
Q13141064	badminton player
Q10774753	performer
Q901	scientist
Q5405633	researcher
Q118865	clarinetist
Q1079215	pornographic actor
Q18190897	journalist
Q7334758	presenter
Q2276446	chef
Q863048	princess
Q635734	archivist
Q157798	clockmaker
Q2252262	singer
Q17456111	producer
Q81096	engineer
Q17394262	engineer
Q4773904	anthropologist
Q2632248	religious scholar
Q2312637	teacher
Q18844224	writer
Q15450044	biologist
Q3114821	priest
Q18437198	sportsperson
Q9149093	mountaineer
Q13219637	cellist
Q3237618	stylist
Q21166956	instrumentalist
Q1996467	troubadour
Q16263353	philosopher
Q13382460	runner
Q1595570	historian
Q21507004	teacher
Q1231865	educationist
Q23644785	filmmaker
Q1371378	social scientist
Q1256346	soldier
Q4504549	religious leader
Q695829	salesperson
Q18576582	metallurgist
Q15809665	critic
Q183888	computer scientist
Q20791985	instrumentalist
Q18510179	activist
Q18510172	activist
Q18511915	biologist
Q148401	illusionist
Q3579035	writer
Q2180411	painter
Q132050	ruler
Q386854	drummer
Q3482594	performer
Q41583	coach
Q16631371	academic
Q1607826	editor
Q19595175	wrestler
Q715301	comics artist
Q1402561	military leader
Q13381863	fencer
Q168559	officer
Q15991192	religious scholar
Q15623737	geologist
Q8473	military personnel
Q337084	performer
Q19747285	musician
Q205375	inventor
Q21036234	writer
Q4594605	magistrate
Q519076	salesperson
Q152002	religious leader
Q12270170	religious scholar
Q10843263	hockey player
Q822146	lyricist
Q3286043	model
Q2860259	architect
Q15977949	designer
Q33231	photographer
Q18543182	philosopher
Q1919436	physician
Q2267418	engineer
Q18930418	philosopher
Q14467526	linguist
Q885122	piano maker
Q13178418	physician
Q168827	religious leader
Q16746942	illusionist
Q177220	singer
Q131512	farmer
Q7019111	public worker
Q16334507	biologist
Q774306	physician
Q10732476	collector
Q15618389	physician
Q584301	instrumentalist
Q15982858	speaker
Q83460	officer
Q17489339	historian
Q17486326	historian
Q10429346	writer
Q11607585	martial artist
Q18510502	athlete
Q11296761	kickboxer
Q170790	mathematician
Q16773661	economist
Q11774156	autobiographer
Q14886050	terrorist
Q667982	director
Q8963721	historian
Q4164507	critic
Q11900058	explorer
Q16335312	chemist
Q2920595	psychologist
Q1622272	academic
Q2135538	historian
Q1371925	presenter
Q2259532	cleric
Q16742096	physicist
Q19627061	linguist
Q19841381	football player
Q376924	nobleman
Q13608061	nurse
Q15978466	comedian
Q3391743	visual artist
Q4696968	martial artist
Q1759246	producer
Q611644	priest
Q16004471	sportsperson
Q3658608	comics artist
Q16023665	businessperson
Q45393	pirate
Q188993	activist
Q235157	religious leader
Q3242115	activist
Q36834	composer
Q6981815	military personnel
Q133485	religious leader
Q15976715	linguist
Q15976717	linguist
Q21011242	monarch
Q15978391	critic
Q1709010	computer scientist
Q16200524	military personnel
Q865851	model
Q15839206	biologist
Q1630100	model
Q15253558	activist
Q1639239	artist
Q836328	artist
Q1979034	engineer
Q7940086	geologist
Q1415090	composer
Q1416279	economist
Q16992699	military personnel
Q19934710	pilot
Q10384029	criminal
Q623386	writer
Q618694	pilot
Q8246794	blogger
Q2004963	historian
Q171692	priest
Q12039558	go player
Q783906	neuroscientist
Q378622	racing driver
Q17391654	critic
Q18814798	tennis player
Q2919046	biochemist
Q17486330	historian
Q488205	singer-songwriter
Q17486338	historian
Q7890793	aviator
Q2358549	spokesperson
Q1225716	biologist
Q2487799	biologist
Q15931838	journalist
Q3499072	chef
Q943995	businessperson
Q16262860	criminal
Q132851	military personnel
Q414528	academic
Q28389	screenwriter
Q19251029	critic
Q250867	priest
Q15895020	engineer
Q2205972	artist
Q15958642	political scientist
Q16271428	biologist
Q557880	businessperson
Q899758	instrumentalist
Q1907198	biologist
Q860918	activist
Q600751	lawyer
Q178521	gunfighter
Q674067	actor
Q201788	historian
Q19827985	coach
Q10694573	artist
Q15966439	criminal
Q5669847	academic
Q211423	goldsmith
Q15117395	cyclist
Q3128486	public worker
Q20669602	historian
Q805253	ballet master
Q245068	comedian
Q1209498	poet lawyer
Q18216771	artist
Q189290	military personnel
Q15978655	consultant
Q1259323	ruler
Q2747456	prince
Q49476	priest
Q2917466	occultist
Q2732142	statistician
Q4951095	sportsperson
Q13561328	sportsperson
Q42603	priest
Q762121	coach
Q3024627	comic artist
Q13414980	american football player
Q15306067	athlete
Q3951423	climber
Q16880249	linguist
Q21178131	painter
Q37226	teacher
Q16746890	psychologist
Q1133078	historian
Q622807	actor
Q16334509	biologist
Q161944	minister
Q3332711	historian
Q18882335	game designer
Q1999841	jurist
Q266569	cartoonist
Q2159907	criminal
Q11481802	actor
Q16003954	instrumentalist
Q16271261	biologist
Q18810130	critic
Q13415036	sportsperson
Q7301138	entrepreneur
Q1350157	critic
Q2798820	computer scientist
Q2707485	scenographer
Q211380	activist
Q11569986	artist
Q326358	artist
Q1409420	feudatory
Q270389	presenter
Q3750514	academic
Q138858	performer
Q46952	criminal
Q15958185	racing driver
Q3127709	instrumentalist
Q10873124	chess player
Q19340487	priest
Q484876	businessperson
Q13365117	handball player
Q4263842	critic
Q10669499	military personnel
Q14212	prime minister
Q20856740	actor
Q1743122	historian
Q191421	religious person
Q19280221	physician
Q327353	computer scientist
Q6901699	comedian
Q2998308	astronomer
Q4991371	soldier
Q354034	designer
Q4182927	stockbroker
Q3738699	forester
Q1097498	ruler
Q1493121	historian
Q14556953	biologist
Q5157338	computer scientist
Q156839	chef
Q859528	referee
Q2700922	visual artist
Q380075	lawyer
Q20706626	criminal
Q17614049	businessperson
Q2340668	director
Q355493	musician
Q14915751	prostitute
Q3501317	fashion designer
Q1076502	conductor
Q2462658	manager
Q4002666	physician
Q1130265	engineer
Q14915627	musicologist
Q1495660	critic
Q832136	businessperson
Q83307	politician
Q22343421	actor
Q181043	activist
Q970153	actor
Q1125062	activist
Q12330954	comedian
Q3406651	producer
Q490253	golfer
Q4439155	runner
Q5121550	orientalist
Q752129	astronomer
Q17405793	athlete
Q1553195	politician
Q121594	professor
Q829064	soldier
Q854979	nun
Q1753370	priest
Q1113838	geologist
Q4009406	runner
Q9402	martial artist
Q131524	entrepreneur
Q290655	spy
Q13382608	skier
Q13382605	skier
Q13382603	skier
Q15462162	historian
Q215144	songwriter
Q6859454	computer scientist
Q6399436	presenter
Q1155838	journalist
Q10798782	television actor
Q46961	criminal
Q628099	coach
Q21512362	extremist
Q2727289	wrestler
Q1096316	assistant
Q1524582	rancher
Q2722764	presenter
Q3089940	producer
Q10800557	actor
Q372436	statesman
Q916292	scribe
Q1294626	musician
Q3621491	archaeologist
Q17344952	biologist
Q6138343	sculptor
Q15117302	volleyball player
Q16062369	physician
Q155647	occultist
Q19890761	activist
Q3357567	model
Q16266505	social scientist
Q13570226	historian
Q4199058	painter
Q549322	sportsperson
Q721834	manager
Q17156912	biologist
Q333634	translator
Q487596	dramaturge
Q13848274	athlete
Q15977906	artist
Q3745071	writer
Q767975	poet
Q1925963	artist
Q188094	economist
Q9648008	banjoist
Q18611810	designer
Q16003550	activist
Q2029179	priest
Q18617021	skier
Q5784340	companion
Q214970	instrumentalist
Q242468	tailor
Q45722	priest
Q14373094	rugby player
Q1234713	religious scholar
Q819677	mountaineer
Q11496048	photographer
Q18663426	mathematician
Q18524075	engineer
Q758780	artisan
Q17276298	astronomer
Q4205432	biologist
Q3546255	biologist
Q1027930	model
Q20722777	merchant
Q2251335	teacher
Q930374	companion
Q493898	military personnel
Q131062	urban planner
Q48282	student
Q13219587	figure skater
Q2891167	sailor
Q15954519	occultist
Q18533509	writer
Q183945	producer
Q483501	artist
Q1045845	vocalist
Q39631	physician
Q17125263	youtuber
Q18195617	literary
Q5428874	professor
Q36180	writer
Q11545923	military personnel
Q482999	gladiator
Q1900167	psychologist
Q901402	geographer
Q17488316	archaeologist
Q3140857	biologist
Q974144	teacher
Q45199	sailor
Q2516866	publisher
Q1708232	sculptor
Q13416803	biologist
Q486748	pianist
Q15958307	chess player
Q185351	judge
Q5482740	computer scientist
Q593644	chemist
Q18890587	physician
Q16626706	psychologist
Q22336956	activist
Q17484288	anthropologist
Q107711	firefighter
Q21030792	sportsperson
Q3406491	lawyer
Q3406492	lawyer
Q3492027	submariner
Q330204	physician
Q13391399	songwriter
Q500251	businessperson
Q26102	activist
Q19588578	musician
Q13590141	presenter
Q855091	guitarist
Q1320883	manager
Q21272406	anthropologist
Q2314719	military personnel
Q27349	physician
Q22280596	drummer
Q20747150	activist
Q43292	monarch
Q5121444	spy
Q13856320	athlete
Q16271064	biologist
Q1235146	filmmaker
Q1897112	skipper
Q17486376	sport shooter
Q1790480	interpreter
Q23765993	coach
Q14972848	lexicographer
Q16009483	performer
Q1229025	graphic designer
Q653368	lawyer
Q16744668	chemist
Q23927336	martial artist
Q1141526	stripper
Q13382487	sportsperson
Q685433	salesperson
Q15980158	writer
Q203184	companion
Q4964182	philosopher
Q15143181	scientist
Q749387	military personnel
Q10833314	tennis player
Q247797	custom officer
Q15864580	geographer
Q1154500	meteorologist
Q11781549	songwriter
Q2295938	artist
Q488111	pornographic actor
Q786803	salesperson
Q730242	test pilot
Q11631	astronaut
Q13418253	philologist
Q779815	animation director
Q11165895	military personnel
Q40348	lawyer
Q7541856	artist
Q15949613	writer
Q254508	criminal
Q15994177	political scientist
Q16849727	businessperson
Q13381689	athlete
Q27887	producer
Q17488363	historian
Q16742175	geologist
Q14906342	biophysicist
Q16287483	journalist
Q19890746	activist
Q15301511	artist
Q2516852	editor
Q13381753	runner
Q15978963	social scientist
Q18244	monarch
Q2872393	game designer
Q222344	cinematographer
Q1323191	fashion designer
Q3282637	producer
Q6337803	biologist
Q43845	businessperson
Q2374149	biologist
Q13414944	priest
Q13381376	weightlifter
Q15303031	artist
Q2962003	chef
Q1278335	instrumentalist
Q18715859	swimmer
Q46185	musician
Q82594	computer scientist
Q8193763	model
Q1955150	instrument maker
Q1852228	sportsperson
Q43115	religious person
Q217029	religious person
Q1650915	researcher
Q2142783	religious leader
Q11336312	baseball player
Q12051314	geophysicist
Q3409375	priest
Q2309784	cyclist
Q19827218	runner
Q22814748	military personnel
Q466118	prostitute
Q23498007	jurist
Q2101738	police officer
Q1569495	academic
Q2445218	coach
Q2095549	aviator
Q1979607	financier
Q16611574	activist
Q10866633	skater
Q13382122	athlete
Q3126128	biologist
Q8359428	activist
Q806349	musician
Q15637082	entrepreneur
Q852718	artist
Q17361156	volleyball player
Q15142825	chemist
Q214917	writer
Q1420621	entrepreneur
Q18930007	philosopher
Q2310145	meteorologist
Q728425	balloonist
Q17682262	lacrosse player
Q7358	performer
Q1643514	musician
Q3779582	biologist
Q9352089	military personnel
Q512314	socialite
Q1476215	activist
Q17505902	painter
Q12961474	activist
Q212980	psychologist
Q19729565	instrumentalist
Q16267607	philologist
Q1208175	filmmaker
Q16830344	activist
Q10842936	racing driver
Q673566	religious leader
Q42857	prophet
Q201559	military personnel
Q173950	merchant
Q3492227	inventor
Q16747019	psychologist
Q15117415	cyclist
Q20650518	criminal
Q15816836	biologist
Q126236	explorer
Q13464497	pole vaulter
Q15627169	activist
Q808967	lawyer
Q3387717	director
Q158852	conductor
Q22073916	writer
Q13416354	geologist
Q12334852	racing driver
Q160131	chef
Q384593	police officer
Q18939491	diarist
Q2490358	choreographer
Q432386	religious figure
Q5403434	philosopher
Q864503	biologist
Q936371	poet
Q3014296	racing driver
Q2305987	engineer
Q11957145	performer
Q15981151	musician
Q1350189	archaeologist
Q16031527	physician
Q20083902	instrumentalist
Q765778	keyboardist
Q20725072	torturer
Q1351804	astronaut
Q56923	military personnel
Q1250916	warrior
Q7380496	priest
Q2304859	ruler
Q3133901	healer
Q3400050	artist
Q15962734	criminal
Q13382576	rower
Q151296	activist
Q28837	physician
Q17524364	water polo
Q948329	actor
Q721051	referee
Q181888	monarch
Q852389	beekeeper
Q13219447	journalist
Q20751419	biologist
Q578109	producer
Q12797895	physician
Q13724897	runner
Q15442776	mathematician
Q12144794	writer
Q19643	monarch
Q18581305	model
Q2629392	performer
Q16897774	philosopher
Q18921227	ufologist
Q14128148	football player
Q19350898	physicist
Q17344998	drummer
Q4853732	writer
Q18200514	skater
Q19760296	instrumentalist
Q13381572	gymnast
Q178197	warrior
Q3578589	activist
Q16533	judge
Q15855449	illusionist
Q18176481	chemist
Q18575684	artist
Q8125919	advisor
Q6934789	artist
Q17221	spokesperson
Q15995642	religious leader
Q102083	warrior
Q2865819	singer
Q15916730	coach
Q3191582	game designer
Q5287861	chief technology officer
Q222982	pilot
Q201948	military personnel
Q1397808	rebel
Q931260	criminal
Q17504992	historian
Q10843402	swimmer
Q11774891	ice hockey player